date,f107,kp
1749-01,-1,-1
1749-02,-1,-1
1749-03,-1,-1
1749-04,-1,-1
1749-05,-1,-1
1749-06,-1,-1
1749-07,-1,-1
1749-08,-1,-1
1749-09,-1,-1
1749-10,-1,-1
1749-11,-1,-1
1749-12,-1,-1
1750-01,-1,-1
1750-02,-1,-1
1750-03,-1,-1
1750-04,-1,-1
1750-05,-1,-1
1750-06,-1,-1
1750-07,-1,-1
1750-08,-1,-1
1750-09,-1,-1
1750-10,-1,-1
1750-11,-1,-1
1750-12,-1,-1
1751-01,-1,-1
1751-02,-1,-1
1751-03,-1,-1
1751-04,-1,-1
1751-05,-1,-1
1751-06,-1,-1
1751-07,-1,-1
1751-08,-1,-1
1751-09,-1,-1
1751-10,-1,-1
1751-11,-1,-1
1751-12,-1,-1
1752-01,-1,-1
1752-02,-1,-1
1752-03,-1,-1
1752-04,-1,-1
1752-05,-1,-1
1752-06,-1,-1
1752-07,-1,-1
1752-08,-1,-1
1752-09,-1,-1
1752-10,-1,-1
1752-11,-1,-1
1752-12,-1,-1
1753-01,-1,-1
1753-02,-1,-1
1753-03,-1,-1
1753-04,-1,-1
1753-05,-1,-1
1753-06,-1,-1
1753-07,-1,-1
1753-08,-1,-1
1753-09,-1,-1
1753-10,-1,-1
1753-11,-1,-1
1753-12,-1,-1
1754-01,-1,-1
1754-02,-1,-1
1754-03,-1,-1
1754-04,-1,-1
1754-05,-1,-1
1754-06,-1,-1
1754-07,-1,-1
1754-08,-1,-1
1754-09,-1,-1
1754-10,-1,-1
1754-11,-1,-1
1754-12,-1,-1
1755-01,-1,-1
1755-02,-1,-1
1755-03,-1,-1
1755-04,-1,-1
1755-05,-1,-1
1755-06,-1,-1
1755-07,-1,-1
1755-08,-1,-1
1755-09,-1,-1
1755-10,-1,-1
1755-11,-1,-1
1755-12,-1,-1
1756-01,-1,-1
1756-02,-1,-1
1756-03,-1,-1
1756-04,-1,-1
1756-05,-1,-1
1756-06,-1,-1
1756-07,-1,-1
1756-08,-1,-1
1756-09,-1,-1
1756-10,-1,-1
1756-11,-1,-1
1756-12,-1,-1
1757-01,-1,-1
1757-02,-1,-1
1757-03,-1,-1
1757-04,-1,-1
1757-05,-1,-1
1757-06,-1,-1
1757-07,-1,-1
1757-08,-1,-1
1757-09,-1,-1
1757-10,-1,-1
1757-11,-1,-1
1757-12,-1,-1
1758-01,-1,-1
1758-02,-1,-1
1758-03,-1,-1
1758-04,-1,-1
1758-05,-1,-1
1758-06,-1,-1
1758-07,-1,-1
1758-08,-1,-1
1758-09,-1,-1
1758-10,-1,-1
1758-11,-1,-1
1758-12,-1,-1
1759-01,-1,-1
1759-02,-1,-1
1759-03,-1,-1
1759-04,-1,-1
1759-05,-1,-1
1759-06,-1,-1
1759-07,-1,-1
1759-08,-1,-1
1759-09,-1,-1
1759-10,-1,-1
1759-11,-1,-1
1759-12,-1,-1
1760-01,-1,-1
1760-02,-1,-1
1760-03,-1,-1
1760-04,-1,-1
1760-05,-1,-1
1760-06,-1,-1
1760-07,-1,-1
1760-08,-1,-1
1760-09,-1,-1
1760-10,-1,-1
1760-11,-1,-1
1760-12,-1,-1
1761-01,-1,-1
1761-02,-1,-1
1761-03,-1,-1
1761-04,-1,-1
1761-05,-1,-1
1761-06,-1,-1
1761-07,-1,-1
1761-08,-1,-1
1761-09,-1,-1
1761-10,-1,-1
1761-11,-1,-1
1761-12,-1,-1
1762-01,-1,-1
1762-02,-1,-1
1762-03,-1,-1
1762-04,-1,-1
1762-05,-1,-1
1762-06,-1,-1
1762-07,-1,-1
1762-08,-1,-1
1762-09,-1,-1
1762-10,-1,-1
1762-11,-1,-1
1762-12,-1,-1
1763-01,-1,-1
1763-02,-1,-1
1763-03,-1,-1
1763-04,-1,-1
1763-05,-1,-1
1763-06,-1,-1
1763-07,-1,-1
1763-08,-1,-1
1763-09,-1,-1
1763-10,-1,-1
1763-11,-1,-1
1763-12,-1,-1
1764-01,-1,-1
1764-02,-1,-1
1764-03,-1,-1
1764-04,-1,-1
1764-05,-1,-1
1764-06,-1,-1
1764-07,-1,-1
1764-08,-1,-1
1764-09,-1,-1
1764-10,-1,-1
1764-11,-1,-1
1764-12,-1,-1
1765-01,-1,-1
1765-02,-1,-1
1765-03,-1,-1
1765-04,-1,-1
1765-05,-1,-1
1765-06,-1,-1
1765-07,-1,-1
1765-08,-1,-1
1765-09,-1,-1
1765-10,-1,-1
1765-11,-1,-1
1765-12,-1,-1
1766-01,-1,-1
1766-02,-1,-1
1766-03,-1,-1
1766-04,-1,-1
1766-05,-1,-1
1766-06,-1,-1
1766-07,-1,-1
1766-08,-1,-1
1766-09,-1,-1
1766-10,-1,-1
1766-11,-1,-1
1766-12,-1,-1
1767-01,-1,-1
1767-02,-1,-1
1767-03,-1,-1
1767-04,-1,-1
1767-05,-1,-1
1767-06,-1,-1
1767-07,-1,-1
1767-08,-1,-1
1767-09,-1,-1
1767-10,-1,-1
1767-11,-1,-1
1767-12,-1,-1
1768-01,-1,-1
1768-02,-1,-1
1768-03,-1,-1
1768-04,-1,-1
1768-05,-1,-1
1768-06,-1,-1
1768-07,-1,-1
1768-08,-1,-1
1768-09,-1,-1
1768-10,-1,-1
1768-11,-1,-1
1768-12,-1,-1
1769-01,-1,-1
1769-02,-1,-1
1769-03,-1,-1
1769-04,-1,-1
1769-05,-1,-1
1769-06,-1,-1
1769-07,-1,-1
1769-08,-1,-1
1769-09,-1,-1
1769-10,-1,-1
1769-11,-1,-1
1769-12,-1,-1
1770-01,-1,-1
1770-02,-1,-1
1770-03,-1,-1
1770-04,-1,-1
1770-05,-1,-1
1770-06,-1,-1
1770-07,-1,-1
1770-08,-1,-1
1770-09,-1,-1
1770-10,-1,-1
1770-11,-1,-1
1770-12,-1,-1
1771-01,-1,-1
1771-02,-1,-1
1771-03,-1,-1
1771-04,-1,-1
1771-05,-1,-1
1771-06,-1,-1
1771-07,-1,-1
1771-08,-1,-1
1771-09,-1,-1
1771-10,-1,-1
1771-11,-1,-1
1771-12,-1,-1
1772-01,-1,-1
1772-02,-1,-1
1772-03,-1,-1
1772-04,-1,-1
1772-05,-1,-1
1772-06,-1,-1
1772-07,-1,-1
1772-08,-1,-1
1772-09,-1,-1
1772-10,-1,-1
1772-11,-1,-1
1772-12,-1,-1
1773-01,-1,-1
1773-02,-1,-1
1773-03,-1,-1
1773-04,-1,-1
1773-05,-1,-1
1773-06,-1,-1
1773-07,-1,-1
1773-08,-1,-1
1773-09,-1,-1
1773-10,-1,-1
1773-11,-1,-1
1773-12,-1,-1
1774-01,-1,-1
1774-02,-1,-1
1774-03,-1,-1
1774-04,-1,-1
1774-05,-1,-1
1774-06,-1,-1
1774-07,-1,-1
1774-08,-1,-1
1774-09,-1,-1
1774-10,-1,-1
1774-11,-1,-1
1774-12,-1,-1
1775-01,-1,-1
1775-02,-1,-1
1775-03,-1,-1
1775-04,-1,-1
1775-05,-1,-1
1775-06,-1,-1
1775-07,-1,-1
1775-08,-1,-1
1775-09,-1,-1
1775-10,-1,-1
1775-11,-1,-1
1775-12,-1,-1
1776-01,-1,-1
1776-02,-1,-1
1776-03,-1,-1
1776-04,-1,-1
1776-05,-1,-1
1776-06,-1,-1
1776-07,-1,-1
1776-08,-1,-1
1776-09,-1,-1
1776-10,-1,-1
1776-11,-1,-1
1776-12,-1,-1
1777-01,-1,-1
1777-02,-1,-1
1777-03,-1,-1
1777-04,-1,-1
1777-05,-1,-1
1777-06,-1,-1
1777-07,-1,-1
1777-08,-1,-1
1777-09,-1,-1
1777-10,-1,-1
1777-11,-1,-1
1777-12,-1,-1
1778-01,-1,-1
1778-02,-1,-1
1778-03,-1,-1
1778-04,-1,-1
1778-05,-1,-1
1778-06,-1,-1
1778-07,-1,-1
1778-08,-1,-1
1778-09,-1,-1
1778-10,-1,-1
1778-11,-1,-1
1778-12,-1,-1
1779-01,-1,-1
1779-02,-1,-1
1779-03,-1,-1
1779-04,-1,-1
1779-05,-1,-1
1779-06,-1,-1
1779-07,-1,-1
1779-08,-1,-1
1779-09,-1,-1
1779-10,-1,-1
1779-11,-1,-1
1779-12,-1,-1
1780-01,-1,-1
1780-02,-1,-1
1780-03,-1,-1
1780-04,-1,-1
1780-05,-1,-1
1780-06,-1,-1
1780-07,-1,-1
1780-08,-1,-1
1780-09,-1,-1
1780-10,-1,-1
1780-11,-1,-1
1780-12,-1,-1
1781-01,-1,-1
1781-02,-1,-1
1781-03,-1,-1
1781-04,-1,-1
1781-05,-1,-1
1781-06,-1,-1
1781-07,-1,-1
1781-08,-1,-1
1781-09,-1,-1
1781-10,-1,-1
1781-11,-1,-1
1781-12,-1,-1
1782-01,-1,-1
1782-02,-1,-1
1782-03,-1,-1
1782-04,-1,-1
1782-05,-1,-1
1782-06,-1,-1
1782-07,-1,-1
1782-08,-1,-1
1782-09,-1,-1
1782-10,-1,-1
1782-11,-1,-1
1782-12,-1,-1
1783-01,-1,-1
1783-02,-1,-1
1783-03,-1,-1
1783-04,-1,-1
1783-05,-1,-1
1783-06,-1,-1
1783-07,-1,-1
1783-08,-1,-1
1783-09,-1,-1
1783-10,-1,-1
1783-11,-1,-1
1783-12,-1,-1
1784-01,-1,-1
1784-02,-1,-1
1784-03,-1,-1
1784-04,-1,-1
1784-05,-1,-1
1784-06,-1,-1
1784-07,-1,-1
1784-08,-1,-1
1784-09,-1,-1
1784-10,-1,-1
1784-11,-1,-1
1784-12,-1,-1
1785-01,-1,-1
1785-02,-1,-1
1785-03,-1,-1
1785-04,-1,-1
1785-05,-1,-1
1785-06,-1,-1
1785-07,-1,-1
1785-08,-1,-1
1785-09,-1,-1
1785-10,-1,-1
1785-11,-1,-1
1785-12,-1,-1
1786-01,-1,-1
1786-02,-1,-1
1786-03,-1,-1
1786-04,-1,-1
1786-05,-1,-1
1786-06,-1,-1
1786-07,-1,-1
1786-08,-1,-1
1786-09,-1,-1
1786-10,-1,-1
1786-11,-1,-1
1786-12,-1,-1
1787-01,-1,-1
1787-02,-1,-1
1787-03,-1,-1
1787-04,-1,-1
1787-05,-1,-1
1787-06,-1,-1
1787-07,-1,-1
1787-08,-1,-1
1787-09,-1,-1
1787-10,-1,-1
1787-11,-1,-1
1787-12,-1,-1
1788-01,-1,-1
1788-02,-1,-1
1788-03,-1,-1
1788-04,-1,-1
1788-05,-1,-1
1788-06,-1,-1
1788-07,-1,-1
1788-08,-1,-1
1788-09,-1,-1
1788-10,-1,-1
1788-11,-1,-1
1788-12,-1,-1
1789-01,-1,-1
1789-02,-1,-1
1789-03,-1,-1
1789-04,-1,-1
1789-05,-1,-1
1789-06,-1,-1
1789-07,-1,-1
1789-08,-1,-1
1789-09,-1,-1
1789-10,-1,-1
1789-11,-1,-1
1789-12,-1,-1
1790-01,-1,-1
1790-02,-1,-1
1790-03,-1,-1
1790-04,-1,-1
1790-05,-1,-1
1790-06,-1,-1
1790-07,-1,-1
1790-08,-1,-1
1790-09,-1,-1
1790-10,-1,-1
1790-11,-1,-1
1790-12,-1,-1
1791-01,-1,-1
1791-02,-1,-1
1791-03,-1,-1
1791-04,-1,-1
1791-05,-1,-1
1791-06,-1,-1
1791-07,-1,-1
1791-08,-1,-1
1791-09,-1,-1
1791-10,-1,-1
1791-11,-1,-1
1791-12,-1,-1
1792-01,-1,-1
1792-02,-1,-1
1792-03,-1,-1
1792-04,-1,-1
1792-05,-1,-1
1792-06,-1,-1
1792-07,-1,-1
1792-08,-1,-1
1792-09,-1,-1
1792-10,-1,-1
1792-11,-1,-1
1792-12,-1,-1
1793-01,-1,-1
1793-02,-1,-1
1793-03,-1,-1
1793-04,-1,-1
1793-05,-1,-1
1793-06,-1,-1
1793-07,-1,-1
1793-08,-1,-1
1793-09,-1,-1
1793-10,-1,-1
1793-11,-1,-1
1793-12,-1,-1
1794-01,-1,-1
1794-02,-1,-1
1794-03,-1,-1
1794-04,-1,-1
1794-05,-1,-1
1794-06,-1,-1
1794-07,-1,-1
1794-08,-1,-1
1794-09,-1,-1
1794-10,-1,-1
1794-11,-1,-1
1794-12,-1,-1
1795-01,-1,-1
1795-02,-1,-1
1795-03,-1,-1
1795-04,-1,-1
1795-05,-1,-1
1795-06,-1,-1
1795-07,-1,-1
1795-08,-1,-1
1795-09,-1,-1
1795-10,-1,-1
1795-11,-1,-1
1795-12,-1,-1
1796-01,-1,-1
1796-02,-1,-1
1796-03,-1,-1
1796-04,-1,-1
1796-05,-1,-1
1796-06,-1,-1
1796-07,-1,-1
1796-08,-1,-1
1796-09,-1,-1
1796-10,-1,-1
1796-11,-1,-1
1796-12,-1,-1
1797-01,-1,-1
1797-02,-1,-1
1797-03,-1,-1
1797-04,-1,-1
1797-05,-1,-1
1797-06,-1,-1
1797-07,-1,-1
1797-08,-1,-1
1797-09,-1,-1
1797-10,-1,-1
1797-11,-1,-1
1797-12,-1,-1
1798-01,-1,-1
1798-02,-1,-1
1798-03,-1,-1
1798-04,-1,-1
1798-05,-1,-1
1798-06,-1,-1
1798-07,-1,-1
1798-08,-1,-1
1798-09,-1,-1
1798-10,-1,-1
1798-11,-1,-1
1798-12,-1,-1
1799-01,-1,-1
1799-02,-1,-1
1799-03,-1,-1
1799-04,-1,-1
1799-05,-1,-1
1799-06,-1,-1
1799-07,-1,-1
1799-08,-1,-1
1799-09,-1,-1
1799-10,-1,-1
1799-11,-1,-1
1799-12,-1,-1
1800-01,-1,-1
1800-02,-1,-1
1800-03,-1,-1
1800-04,-1,-1
1800-05,-1,-1
1800-06,-1,-1
1800-07,-1,-1
1800-08,-1,-1
1800-09,-1,-1
1800-10,-1,-1
1800-11,-1,-1
1800-12,-1,-1
1801-01,-1,-1
1801-02,-1,-1
1801-03,-1,-1
1801-04,-1,-1
1801-05,-1,-1
1801-06,-1,-1
1801-07,-1,-1
1801-08,-1,-1
1801-09,-1,-1
1801-10,-1,-1
1801-11,-1,-1
1801-12,-1,-1
1802-01,-1,-1
1802-02,-1,-1
1802-03,-1,-1
1802-04,-1,-1
1802-05,-1,-1
1802-06,-1,-1
1802-07,-1,-1
1802-08,-1,-1
1802-09,-1,-1
1802-10,-1,-1
1802-11,-1,-1
1802-12,-1,-1
1803-01,-1,-1
1803-02,-1,-1
1803-03,-1,-1
1803-04,-1,-1
1803-05,-1,-1
1803-06,-1,-1
1803-07,-1,-1
1803-08,-1,-1
1803-09,-1,-1
1803-10,-1,-1
1803-11,-1,-1
1803-12,-1,-1
1804-01,-1,-1
1804-02,-1,-1
1804-03,-1,-1
1804-04,-1,-1
1804-05,-1,-1
1804-06,-1,-1
1804-07,-1,-1
1804-08,-1,-1
1804-09,-1,-1
1804-10,-1,-1
1804-11,-1,-1
1804-12,-1,-1
1805-01,-1,-1
1805-02,-1,-1
1805-03,-1,-1
1805-04,-1,-1
1805-05,-1,-1
1805-06,-1,-1
1805-07,-1,-1
1805-08,-1,-1
1805-09,-1,-1
1805-10,-1,-1
1805-11,-1,-1
1805-12,-1,-1
1806-01,-1,-1
1806-02,-1,-1
1806-03,-1,-1
1806-04,-1,-1
1806-05,-1,-1
1806-06,-1,-1
1806-07,-1,-1
1806-08,-1,-1
1806-09,-1,-1
1806-10,-1,-1
1806-11,-1,-1
1806-12,-1,-1
1807-01,-1,-1
1807-02,-1,-1
1807-03,-1,-1
1807-04,-1,-1
1807-05,-1,-1
1807-06,-1,-1
1807-07,-1,-1
1807-08,-1,-1
1807-09,-1,-1
1807-10,-1,-1
1807-11,-1,-1
1807-12,-1,-1
1808-01,-1,-1
1808-02,-1,-1
1808-03,-1,-1
1808-04,-1,-1
1808-05,-1,-1
1808-06,-1,-1
1808-07,-1,-1
1808-08,-1,-1
1808-09,-1,-1
1808-10,-1,-1
1808-11,-1,-1
1808-12,-1,-1
1809-01,-1,-1
1809-02,-1,-1
1809-03,-1,-1
1809-04,-1,-1
1809-05,-1,-1
1809-06,-1,-1
1809-07,-1,-1
1809-08,-1,-1
1809-09,-1,-1
1809-10,-1,-1
1809-11,-1,-1
1809-12,-1,-1
1810-01,-1,-1
1810-02,-1,-1
1810-03,-1,-1
1810-04,-1,-1
1810-05,-1,-1
1810-06,-1,-1
1810-07,-1,-1
1810-08,-1,-1
1810-09,-1,-1
1810-10,-1,-1
1810-11,-1,-1
1810-12,-1,-1
1811-01,-1,-1
1811-02,-1,-1
1811-03,-1,-1
1811-04,-1,-1
1811-05,-1,-1
1811-06,-1,-1
1811-07,-1,-1
1811-08,-1,-1
1811-09,-1,-1
1811-10,-1,-1
1811-11,-1,-1
1811-12,-1,-1
1812-01,-1,-1
1812-02,-1,-1
1812-03,-1,-1
1812-04,-1,-1
1812-05,-1,-1
1812-06,-1,-1
1812-07,-1,-1
1812-08,-1,-1
1812-09,-1,-1
1812-10,-1,-1
1812-11,-1,-1
1812-12,-1,-1
1813-01,-1,-1
1813-02,-1,-1
1813-03,-1,-1
1813-04,-1,-1
1813-05,-1,-1
1813-06,-1,-1
1813-07,-1,-1
1813-08,-1,-1
1813-09,-1,-1
1813-10,-1,-1
1813-11,-1,-1
1813-12,-1,-1
1814-01,-1,-1
1814-02,-1,-1
1814-03,-1,-1
1814-04,-1,-1
1814-05,-1,-1
1814-06,-1,-1
1814-07,-1,-1
1814-08,-1,-1
1814-09,-1,-1
1814-10,-1,-1
1814-11,-1,-1
1814-12,-1,-1
1815-01,-1,-1
1815-02,-1,-1
1815-03,-1,-1
1815-04,-1,-1
1815-05,-1,-1
1815-06,-1,-1
1815-07,-1,-1
1815-08,-1,-1
1815-09,-1,-1
1815-10,-1,-1
1815-11,-1,-1
1815-12,-1,-1
1816-01,-1,-1
1816-02,-1,-1
1816-03,-1,-1
1816-04,-1,-1
1816-05,-1,-1
1816-06,-1,-1
1816-07,-1,-1
1816-08,-1,-1
1816-09,-1,-1
1816-10,-1,-1
1816-11,-1,-1
1816-12,-1,-1
1817-01,-1,-1
1817-02,-1,-1
1817-03,-1,-1
1817-04,-1,-1
1817-05,-1,-1
1817-06,-1,-1
1817-07,-1,-1
1817-08,-1,-1
1817-09,-1,-1
1817-10,-1,-1
1817-11,-1,-1
1817-12,-1,-1
1818-01,-1,-1
1818-02,-1,-1
1818-03,-1,-1
1818-04,-1,-1
1818-05,-1,-1
1818-06,-1,-1
1818-07,-1,-1
1818-08,-1,-1
1818-09,-1,-1
1818-10,-1,-1
1818-11,-1,-1
1818-12,-1,-1
1819-01,-1,-1
1819-02,-1,-1
1819-03,-1,-1
1819-04,-1,-1
1819-05,-1,-1
1819-06,-1,-1
1819-07,-1,-1
1819-08,-1,-1
1819-09,-1,-1
1819-10,-1,-1
1819-11,-1,-1
1819-12,-1,-1
1820-01,-1,-1
1820-02,-1,-1
1820-03,-1,-1
1820-04,-1,-1
1820-05,-1,-1
1820-06,-1,-1
1820-07,-1,-1
1820-08,-1,-1
1820-09,-1,-1
1820-10,-1,-1
1820-11,-1,-1
1820-12,-1,-1
1821-01,-1,-1
1821-02,-1,-1
1821-03,-1,-1
1821-04,-1,-1
1821-05,-1,-1
1821-06,-1,-1
1821-07,-1,-1
1821-08,-1,-1
1821-09,-1,-1
1821-10,-1,-1
1821-11,-1,-1
1821-12,-1,-1
1822-01,-1,-1
1822-02,-1,-1
1822-03,-1,-1
1822-04,-1,-1
1822-05,-1,-1
1822-06,-1,-1
1822-07,-1,-1
1822-08,-1,-1
1822-09,-1,-1
1822-10,-1,-1
1822-11,-1,-1
1822-12,-1,-1
1823-01,-1,-1
1823-02,-1,-1
1823-03,-1,-1
1823-04,-1,-1
1823-05,-1,-1
1823-06,-1,-1
1823-07,-1,-1
1823-08,-1,-1
1823-09,-1,-1
1823-10,-1,-1
1823-11,-1,-1
1823-12,-1,-1
1824-01,-1,-1
1824-02,-1,-1
1824-03,-1,-1
1824-04,-1,-1
1824-05,-1,-1
1824-06,-1,-1
1824-07,-1,-1
1824-08,-1,-1
1824-09,-1,-1
1824-10,-1,-1
1824-11,-1,-1
1824-12,-1,-1
1825-01,-1,-1
1825-02,-1,-1
1825-03,-1,-1
1825-04,-1,-1
1825-05,-1,-1
1825-06,-1,-1
1825-07,-1,-1
1825-08,-1,-1
1825-09,-1,-1
1825-10,-1,-1
1825-11,-1,-1
1825-12,-1,-1
1826-01,-1,-1
1826-02,-1,-1
1826-03,-1,-1
1826-04,-1,-1
1826-05,-1,-1
1826-06,-1,-1
1826-07,-1,-1
1826-08,-1,-1
1826-09,-1,-1
1826-10,-1,-1
1826-11,-1,-1
1826-12,-1,-1
1827-01,-1,-1
1827-02,-1,-1
1827-03,-1,-1
1827-04,-1,-1
1827-05,-1,-1
1827-06,-1,-1
1827-07,-1,-1
1827-08,-1,-1
1827-09,-1,-1
1827-10,-1,-1
1827-11,-1,-1
1827-12,-1,-1
1828-01,-1,-1
1828-02,-1,-1
1828-03,-1,-1
1828-04,-1,-1
1828-05,-1,-1
1828-06,-1,-1
1828-07,-1,-1
1828-08,-1,-1
1828-09,-1,-1
1828-10,-1,-1
1828-11,-1,-1
1828-12,-1,-1
1829-01,-1,-1
1829-02,-1,-1
1829-03,-1,-1
1829-04,-1,-1
1829-05,-1,-1
1829-06,-1,-1
1829-07,-1,-1
1829-08,-1,-1
1829-09,-1,-1
1829-10,-1,-1
1829-11,-1,-1
1829-12,-1,-1
1830-01,-1,-1
1830-02,-1,-1
1830-03,-1,-1
1830-04,-1,-1
1830-05,-1,-1
1830-06,-1,-1
1830-07,-1,-1
1830-08,-1,-1
1830-09,-1,-1
1830-10,-1,-1
1830-11,-1,-1
1830-12,-1,-1
1831-01,-1,-1
1831-02,-1,-1
1831-03,-1,-1
1831-04,-1,-1
1831-05,-1,-1
1831-06,-1,-1
1831-07,-1,-1
1831-08,-1,-1
1831-09,-1,-1
1831-10,-1,-1
1831-11,-1,-1
1831-12,-1,-1
1832-01,-1,-1
1832-02,-1,-1
1832-03,-1,-1
1832-04,-1,-1
1832-05,-1,-1
1832-06,-1,-1
1832-07,-1,-1
1832-08,-1,-1
1832-09,-1,-1
1832-10,-1,-1
1832-11,-1,-1
1832-12,-1,-1
1833-01,-1,-1
1833-02,-1,-1
1833-03,-1,-1
1833-04,-1,-1
1833-05,-1,-1
1833-06,-1,-1
1833-07,-1,-1
1833-08,-1,-1
1833-09,-1,-1
1833-10,-1,-1
1833-11,-1,-1
1833-12,-1,-1
1834-01,-1,-1
1834-02,-1,-1
1834-03,-1,-1
1834-04,-1,-1
1834-05,-1,-1
1834-06,-1,-1
1834-07,-1,-1
1834-08,-1,-1
1834-09,-1,-1
1834-10,-1,-1
1834-11,-1,-1
1834-12,-1,-1
1835-01,-1,-1
1835-02,-1,-1
1835-03,-1,-1
1835-04,-1,-1
1835-05,-1,-1
1835-06,-1,-1
1835-07,-1,-1
1835-08,-1,-1
1835-09,-1,-1
1835-10,-1,-1
1835-11,-1,-1
1835-12,-1,-1
1836-01,-1,-1
1836-02,-1,-1
1836-03,-1,-1
1836-04,-1,-1
1836-05,-1,-1
1836-06,-1,-1
1836-07,-1,-1
1836-08,-1,-1
1836-09,-1,-1
1836-10,-1,-1
1836-11,-1,-1
1836-12,-1,-1
1837-01,-1,-1
1837-02,-1,-1
1837-03,-1,-1
1837-04,-1,-1
1837-05,-1,-1
1837-06,-1,-1
1837-07,-1,-1
1837-08,-1,-1
1837-09,-1,-1
1837-10,-1,-1
1837-11,-1,-1
1837-12,-1,-1
1838-01,-1,-1
1838-02,-1,-1
1838-03,-1,-1
1838-04,-1,-1
1838-05,-1,-1
1838-06,-1,-1
1838-07,-1,-1
1838-08,-1,-1
1838-09,-1,-1
1838-10,-1,-1
1838-11,-1,-1
1838-12,-1,-1
1839-01,-1,-1
1839-02,-1,-1
1839-03,-1,-1
1839-04,-1,-1
1839-05,-1,-1
1839-06,-1,-1
1839-07,-1,-1
1839-08,-1,-1
1839-09,-1,-1
1839-10,-1,-1
1839-11,-1,-1
1839-12,-1,-1
1840-01,-1,-1
1840-02,-1,-1
1840-03,-1,-1
1840-04,-1,-1
1840-05,-1,-1
1840-06,-1,-1
1840-07,-1,-1
1840-08,-1,-1
1840-09,-1,-1
1840-10,-1,-1
1840-11,-1,-1
1840-12,-1,-1
1841-01,-1,-1
1841-02,-1,-1
1841-03,-1,-1
1841-04,-1,-1
1841-05,-1,-1
1841-06,-1,-1
1841-07,-1,-1
1841-08,-1,-1
1841-09,-1,-1
1841-10,-1,-1
1841-11,-1,-1
1841-12,-1,-1
1842-01,-1,-1
1842-02,-1,-1
1842-03,-1,-1
1842-04,-1,-1
1842-05,-1,-1
1842-06,-1,-1
1842-07,-1,-1
1842-08,-1,-1
1842-09,-1,-1
1842-10,-1,-1
1842-11,-1,-1
1842-12,-1,-1
1843-01,-1,-1
1843-02,-1,-1
1843-03,-1,-1
1843-04,-1,-1
1843-05,-1,-1
1843-06,-1,-1
1843-07,-1,-1
1843-08,-1,-1
1843-09,-1,-1
1843-10,-1,-1
1843-11,-1,-1
1843-12,-1,-1
1844-01,-1,-1
1844-02,-1,-1
1844-03,-1,-1
1844-04,-1,-1
1844-05,-1,-1
1844-06,-1,-1
1844-07,-1,-1
1844-08,-1,-1
1844-09,-1,-1
1844-10,-1,-1
1844-11,-1,-1
1844-12,-1,-1
1845-01,-1,-1
1845-02,-1,-1
1845-03,-1,-1
1845-04,-1,-1
1845-05,-1,-1
1845-06,-1,-1
1845-07,-1,-1
1845-08,-1,-1
1845-09,-1,-1
1845-10,-1,-1
1845-11,-1,-1
1845-12,-1,-1
1846-01,-1,-1
1846-02,-1,-1
1846-03,-1,-1
1846-04,-1,-1
1846-05,-1,-1
1846-06,-1,-1
1846-07,-1,-1
1846-08,-1,-1
1846-09,-1,-1
1846-10,-1,-1
1846-11,-1,-1
1846-12,-1,-1
1847-01,-1,-1
1847-02,-1,-1
1847-03,-1,-1
1847-04,-1,-1
1847-05,-1,-1
1847-06,-1,-1
1847-07,-1,-1
1847-08,-1,-1
1847-09,-1,-1
1847-10,-1,-1
1847-11,-1,-1
1847-12,-1,-1
1848-01,-1,-1
1848-02,-1,-1
1848-03,-1,-1
1848-04,-1,-1
1848-05,-1,-1
1848-06,-1,-1
1848-07,-1,-1
1848-08,-1,-1
1848-09,-1,-1
1848-10,-1,-1
1848-11,-1,-1
1848-12,-1,-1
1849-01,-1,-1
1849-02,-1,-1
1849-03,-1,-1
1849-04,-1,-1
1849-05,-1,-1
1849-06,-1,-1
1849-07,-1,-1
1849-08,-1,-1
1849-09,-1,-1
1849-10,-1,-1
1849-11,-1,-1
1849-12,-1,-1
1850-01,-1,-1
1850-02,-1,-1
1850-03,-1,-1
1850-04,-1,-1
1850-05,-1,-1
1850-06,-1,-1
1850-07,-1,-1
1850-08,-1,-1
1850-09,-1,-1
1850-10,-1,-1
1850-11,-1,-1
1850-12,-1,-1
1851-01,-1,-1
1851-02,-1,-1
1851-03,-1,-1
1851-04,-1,-1
1851-05,-1,-1
1851-06,-1,-1
1851-07,-1,-1
1851-08,-1,-1
1851-09,-1,-1
1851-10,-1,-1
1851-11,-1,-1
1851-12,-1,-1
1852-01,-1,-1
1852-02,-1,-1
1852-03,-1,-1
1852-04,-1,-1
1852-05,-1,-1
1852-06,-1,-1
1852-07,-1,-1
1852-08,-1,-1
1852-09,-1,-1
1852-10,-1,-1
1852-11,-1,-1
1852-12,-1,-1
1853-01,-1,-1
1853-02,-1,-1
1853-03,-1,-1
1853-04,-1,-1
1853-05,-1,-1
1853-06,-1,-1
1853-07,-1,-1
1853-08,-1,-1
1853-09,-1,-1
1853-10,-1,-1
1853-11,-1,-1
1853-12,-1,-1
1854-01,-1,-1
1854-02,-1,-1
1854-03,-1,-1
1854-04,-1,-1
1854-05,-1,-1
1854-06,-1,-1
1854-07,-1,-1
1854-08,-1,-1
1854-09,-1,-1
1854-10,-1,-1
1854-11,-1,-1
1854-12,-1,-1
1855-01,-1,-1
1855-02,-1,-1
1855-03,-1,-1
1855-04,-1,-1
1855-05,-1,-1
1855-06,-1,-1
1855-07,-1,-1
1855-08,-1,-1
1855-09,-1,-1
1855-10,-1,-1
1855-11,-1,-1
1855-12,-1,-1
1856-01,-1,-1
1856-02,-1,-1
1856-03,-1,-1
1856-04,-1,-1
1856-05,-1,-1
1856-06,-1,-1
1856-07,-1,-1
1856-08,-1,-1
1856-09,-1,-1
1856-10,-1,-1
1856-11,-1,-1
1856-12,-1,-1
1857-01,-1,-1
1857-02,-1,-1
1857-03,-1,-1
1857-04,-1,-1
1857-05,-1,-1
1857-06,-1,-1
1857-07,-1,-1
1857-08,-1,-1
1857-09,-1,-1
1857-10,-1,-1
1857-11,-1,-1
1857-12,-1,-1
1858-01,-1,-1
1858-02,-1,-1
1858-03,-1,-1
1858-04,-1,-1
1858-05,-1,-1
1858-06,-1,-1
1858-07,-1,-1
1858-08,-1,-1
1858-09,-1,-1
1858-10,-1,-1
1858-11,-1,-1
1858-12,-1,-1
1859-01,-1,-1
1859-02,-1,-1
1859-03,-1,-1
1859-04,-1,-1
1859-05,-1,-1
1859-06,-1,-1
1859-07,-1,-1
1859-08,-1,-1
1859-09,-1,-1
1859-10,-1,-1
1859-11,-1,-1
1859-12,-1,-1
1860-01,-1,-1
1860-02,-1,-1
1860-03,-1,-1
1860-04,-1,-1
1860-05,-1,-1
1860-06,-1,-1
1860-07,-1,-1
1860-08,-1,-1
1860-09,-1,-1
1860-10,-1,-1
1860-11,-1,-1
1860-12,-1,-1
1861-01,-1,-1
1861-02,-1,-1
1861-03,-1,-1
1861-04,-1,-1
1861-05,-1,-1
1861-06,-1,-1
1861-07,-1,-1
1861-08,-1,-1
1861-09,-1,-1
1861-10,-1,-1
1861-11,-1,-1
1861-12,-1,-1
1862-01,-1,-1
1862-02,-1,-1
1862-03,-1,-1
1862-04,-1,-1
1862-05,-1,-1
1862-06,-1,-1
1862-07,-1,-1
1862-08,-1,-1
1862-09,-1,-1
1862-10,-1,-1
1862-11,-1,-1
1862-12,-1,-1
1863-01,-1,-1
1863-02,-1,-1
1863-03,-1,-1
1863-04,-1,-1
1863-05,-1,-1
1863-06,-1,-1
1863-07,-1,-1
1863-08,-1,-1
1863-09,-1,-1
1863-10,-1,-1
1863-11,-1,-1
1863-12,-1,-1
1864-01,-1,-1
1864-02,-1,-1
1864-03,-1,-1
1864-04,-1,-1
1864-05,-1,-1
1864-06,-1,-1
1864-07,-1,-1
1864-08,-1,-1
1864-09,-1,-1
1864-10,-1,-1
1864-11,-1,-1
1864-12,-1,-1
1865-01,-1,-1
1865-02,-1,-1
1865-03,-1,-1
1865-04,-1,-1
1865-05,-1,-1
1865-06,-1,-1
1865-07,-1,-1
1865-08,-1,-1
1865-09,-1,-1
1865-10,-1,-1
1865-11,-1,-1
1865-12,-1,-1
1866-01,-1,-1
1866-02,-1,-1
1866-03,-1,-1
1866-04,-1,-1
1866-05,-1,-1
1866-06,-1,-1
1866-07,-1,-1
1866-08,-1,-1
1866-09,-1,-1
1866-10,-1,-1
1866-11,-1,-1
1866-12,-1,-1
1867-01,-1,-1
1867-02,-1,-1
1867-03,-1,-1
1867-04,-1,-1
1867-05,-1,-1
1867-06,-1,-1
1867-07,-1,-1
1867-08,-1,-1
1867-09,-1,-1
1867-10,-1,-1
1867-11,-1,-1
1867-12,-1,-1
1868-01,-1,-1
1868-02,-1,-1
1868-03,-1,-1
1868-04,-1,-1
1868-05,-1,-1
1868-06,-1,-1
1868-07,-1,-1
1868-08,-1,-1
1868-09,-1,-1
1868-10,-1,-1
1868-11,-1,-1
1868-12,-1,-1
1869-01,-1,-1
1869-02,-1,-1
1869-03,-1,-1
1869-04,-1,-1
1869-05,-1,-1
1869-06,-1,-1
1869-07,-1,-1
1869-08,-1,-1
1869-09,-1,-1
1869-10,-1,-1
1869-11,-1,-1
1869-12,-1,-1
1870-01,-1,-1
1870-02,-1,-1
1870-03,-1,-1
1870-04,-1,-1
1870-05,-1,-1
1870-06,-1,-1
1870-07,-1,-1
1870-08,-1,-1
1870-09,-1,-1
1870-10,-1,-1
1870-11,-1,-1
1870-12,-1,-1
1871-01,-1,-1
1871-02,-1,-1
1871-03,-1,-1
1871-04,-1,-1
1871-05,-1,-1
1871-06,-1,-1
1871-07,-1,-1
1871-08,-1,-1
1871-09,-1,-1
1871-10,-1,-1
1871-11,-1,-1
1871-12,-1,-1
1872-01,-1,-1
1872-02,-1,-1
1872-03,-1,-1
1872-04,-1,-1
1872-05,-1,-1
1872-06,-1,-1
1872-07,-1,-1
1872-08,-1,-1
1872-09,-1,-1
1872-10,-1,-1
1872-11,-1,-1
1872-12,-1,-1
1873-01,-1,-1
1873-02,-1,-1
1873-03,-1,-1
1873-04,-1,-1
1873-05,-1,-1
1873-06,-1,-1
1873-07,-1,-1
1873-08,-1,-1
1873-09,-1,-1
1873-10,-1,-1
1873-11,-1,-1
1873-12,-1,-1
1874-01,-1,-1
1874-02,-1,-1
1874-03,-1,-1
1874-04,-1,-1
1874-05,-1,-1
1874-06,-1,-1
1874-07,-1,-1
1874-08,-1,-1
1874-09,-1,-1
1874-10,-1,-1
1874-11,-1,-1
1874-12,-1,-1
1875-01,-1,-1
1875-02,-1,-1
1875-03,-1,-1
1875-04,-1,-1
1875-05,-1,-1
1875-06,-1,-1
1875-07,-1,-1
1875-08,-1,-1
1875-09,-1,-1
1875-10,-1,-1
1875-11,-1,-1
1875-12,-1,-1
1876-01,-1,-1
1876-02,-1,-1
1876-03,-1,-1
1876-04,-1,-1
1876-05,-1,-1
1876-06,-1,-1
1876-07,-1,-1
1876-08,-1,-1
1876-09,-1,-1
1876-10,-1,-1
1876-11,-1,-1
1876-12,-1,-1
1877-01,-1,-1
1877-02,-1,-1
1877-03,-1,-1
1877-04,-1,-1
1877-05,-1,-1
1877-06,-1,-1
1877-07,-1,-1
1877-08,-1,-1
1877-09,-1,-1
1877-10,-1,-1
1877-11,-1,-1
1877-12,-1,-1
1878-01,-1,-1
1878-02,-1,-1
1878-03,-1,-1
1878-04,-1,-1
1878-05,-1,-1
1878-06,-1,-1
1878-07,-1,-1
1878-08,-1,-1
1878-09,-1,-1
1878-10,-1,-1
1878-11,-1,-1
1878-12,-1,-1
1879-01,-1,-1
1879-02,-1,-1
1879-03,-1,-1
1879-04,-1,-1
1879-05,-1,-1
1879-06,-1,-1
1879-07,-1,-1
1879-08,-1,-1
1879-09,-1,-1
1879-10,-1,-1
1879-11,-1,-1
1879-12,-1,-1
1880-01,-1,-1
1880-02,-1,-1
1880-03,-1,-1
1880-04,-1,-1
1880-05,-1,-1
1880-06,-1,-1
1880-07,-1,-1
1880-08,-1,-1
1880-09,-1,-1
1880-10,-1,-1
1880-11,-1,-1
1880-12,-1,-1
1881-01,-1,-1
1881-02,-1,-1
1881-03,-1,-1
1881-04,-1,-1
1881-05,-1,-1
1881-06,-1,-1
1881-07,-1,-1
1881-08,-1,-1
1881-09,-1,-1
1881-10,-1,-1
1881-11,-1,-1
1881-12,-1,-1
1882-01,-1,-1
1882-02,-1,-1
1882-03,-1,-1
1882-04,-1,-1
1882-05,-1,-1
1882-06,-1,-1
1882-07,-1,-1
1882-08,-1,-1
1882-09,-1,-1
1882-10,-1,-1
1882-11,-1,-1
1882-12,-1,-1
1883-01,-1,-1
1883-02,-1,-1
1883-03,-1,-1
1883-04,-1,-1
1883-05,-1,-1
1883-06,-1,-1
1883-07,-1,-1
1883-08,-1,-1
1883-09,-1,-1
1883-10,-1,-1
1883-11,-1,-1
1883-12,-1,-1
1884-01,-1,-1
1884-02,-1,-1
1884-03,-1,-1
1884-04,-1,-1
1884-05,-1,-1
1884-06,-1,-1
1884-07,-1,-1
1884-08,-1,-1
1884-09,-1,-1
1884-10,-1,-1
1884-11,-1,-1
1884-12,-1,-1
1885-01,-1,-1
1885-02,-1,-1
1885-03,-1,-1
1885-04,-1,-1
1885-05,-1,-1
1885-06,-1,-1
1885-07,-1,-1
1885-08,-1,-1
1885-09,-1,-1
1885-10,-1,-1
1885-11,-1,-1
1885-12,-1,-1
1886-01,-1,-1
1886-02,-1,-1
1886-03,-1,-1
1886-04,-1,-1
1886-05,-1,-1
1886-06,-1,-1
1886-07,-1,-1
1886-08,-1,-1
1886-09,-1,-1
1886-10,-1,-1
1886-11,-1,-1
1886-12,-1,-1
1887-01,-1,-1
1887-02,-1,-1
1887-03,-1,-1
1887-04,-1,-1
1887-05,-1,-1
1887-06,-1,-1
1887-07,-1,-1
1887-08,-1,-1
1887-09,-1,-1
1887-10,-1,-1
1887-11,-1,-1
1887-12,-1,-1
1888-01,-1,-1
1888-02,-1,-1
1888-03,-1,-1
1888-04,-1,-1
1888-05,-1,-1
1888-06,-1,-1
1888-07,-1,-1
1888-08,-1,-1
1888-09,-1,-1
1888-10,-1,-1
1888-11,-1,-1
1888-12,-1,-1
1889-01,-1,-1
1889-02,-1,-1
1889-03,-1,-1
1889-04,-1,-1
1889-05,-1,-1
1889-06,-1,-1
1889-07,-1,-1
1889-08,-1,-1
1889-09,-1,-1
1889-10,-1,-1
1889-11,-1,-1
1889-12,-1,-1
1890-01,-1,-1
1890-02,-1,-1
1890-03,-1,-1
1890-04,-1,-1
1890-05,-1,-1
1890-06,-1,-1
1890-07,-1,-1
1890-08,-1,-1
1890-09,-1,-1
1890-10,-1,-1
1890-11,-1,-1
1890-12,-1,-1
1891-01,-1,-1
1891-02,-1,-1
1891-03,-1,-1
1891-04,-1,-1
1891-05,-1,-1
1891-06,-1,-1
1891-07,-1,-1
1891-08,-1,-1
1891-09,-1,-1
1891-10,-1,-1
1891-11,-1,-1
1891-12,-1,-1
1892-01,-1,-1
1892-02,-1,-1
1892-03,-1,-1
1892-04,-1,-1
1892-05,-1,-1
1892-06,-1,-1
1892-07,-1,-1
1892-08,-1,-1
1892-09,-1,-1
1892-10,-1,-1
1892-11,-1,-1
1892-12,-1,-1
1893-01,-1,-1
1893-02,-1,-1
1893-03,-1,-1
1893-04,-1,-1
1893-05,-1,-1
1893-06,-1,-1
1893-07,-1,-1
1893-08,-1,-1
1893-09,-1,-1
1893-10,-1,-1
1893-11,-1,-1
1893-12,-1,-1
1894-01,-1,-1
1894-02,-1,-1
1894-03,-1,-1
1894-04,-1,-1
1894-05,-1,-1
1894-06,-1,-1
1894-07,-1,-1
1894-08,-1,-1
1894-09,-1,-1
1894-10,-1,-1
1894-11,-1,-1
1894-12,-1,-1
1895-01,-1,-1
1895-02,-1,-1
1895-03,-1,-1
1895-04,-1,-1
1895-05,-1,-1
1895-06,-1,-1
1895-07,-1,-1
1895-08,-1,-1
1895-09,-1,-1
1895-10,-1,-1
1895-11,-1,-1
1895-12,-1,-1
1896-01,-1,-1
1896-02,-1,-1
1896-03,-1,-1
1896-04,-1,-1
1896-05,-1,-1
1896-06,-1,-1
1896-07,-1,-1
1896-08,-1,-1
1896-09,-1,-1
1896-10,-1,-1
1896-11,-1,-1
1896-12,-1,-1
1897-01,-1,-1
1897-02,-1,-1
1897-03,-1,-1
1897-04,-1,-1
1897-05,-1,-1
1897-06,-1,-1
1897-07,-1,-1
1897-08,-1,-1
1897-09,-1,-1
1897-10,-1,-1
1897-11,-1,-1
1897-12,-1,-1
1898-01,-1,-1
1898-02,-1,-1
1898-03,-1,-1
1898-04,-1,-1
1898-05,-1,-1
1898-06,-1,-1
1898-07,-1,-1
1898-08,-1,-1
1898-09,-1,-1
1898-10,-1,-1
1898-11,-1,-1
1898-12,-1,-1
1899-01,-1,-1
1899-02,-1,-1
1899-03,-1,-1
1899-04,-1,-1
1899-05,-1,-1
1899-06,-1,-1
1899-07,-1,-1
1899-08,-1,-1
1899-09,-1,-1
1899-10,-1,-1
1899-11,-1,-1
1899-12,-1,-1
1900-01,-1,-1
1900-02,-1,-1
1900-03,-1,-1
1900-04,-1,-1
1900-05,-1,-1
1900-06,-1,-1
1900-07,-1,-1
1900-08,-1,-1
1900-09,-1,-1
1900-10,-1,-1
1900-11,-1,-1
1900-12,-1,-1
1901-01,-1,-1
1901-02,-1,-1
1901-03,-1,-1
1901-04,-1,-1
1901-05,-1,-1
1901-06,-1,-1
1901-07,-1,-1
1901-08,-1,-1
1901-09,-1,-1
1901-10,-1,-1
1901-11,-1,-1
1901-12,-1,-1
1902-01,-1,-1
1902-02,-1,-1
1902-03,-1,-1
1902-04,-1,-1
1902-05,-1,-1
1902-06,-1,-1
1902-07,-1,-1
1902-08,-1,-1
1902-09,-1,-1
1902-10,-1,-1
1902-11,-1,-1
1902-12,-1,-1
1903-01,-1,-1
1903-02,-1,-1
1903-03,-1,-1
1903-04,-1,-1
1903-05,-1,-1
1903-06,-1,-1
1903-07,-1,-1
1903-08,-1,-1
1903-09,-1,-1
1903-10,-1,-1
1903-11,-1,-1
1903-12,-1,-1
1904-01,-1,-1
1904-02,-1,-1
1904-03,-1,-1
1904-04,-1,-1
1904-05,-1,-1
1904-06,-1,-1
1904-07,-1,-1
1904-08,-1,-1
1904-09,-1,-1
1904-10,-1,-1
1904-11,-1,-1
1904-12,-1,-1
1905-01,-1,-1
1905-02,-1,-1
1905-03,-1,-1
1905-04,-1,-1
1905-05,-1,-1
1905-06,-1,-1
1905-07,-1,-1
1905-08,-1,-1
1905-09,-1,-1
1905-10,-1,-1
1905-11,-1,-1
1905-12,-1,-1
1906-01,-1,-1
1906-02,-1,-1
1906-03,-1,-1
1906-04,-1,-1
1906-05,-1,-1
1906-06,-1,-1
1906-07,-1,-1
1906-08,-1,-1
1906-09,-1,-1
1906-10,-1,-1
1906-11,-1,-1
1906-12,-1,-1
1907-01,-1,-1
1907-02,-1,-1
1907-03,-1,-1
1907-04,-1,-1
1907-05,-1,-1
1907-06,-1,-1
1907-07,-1,-1
1907-08,-1,-1
1907-09,-1,-1
1907-10,-1,-1
1907-11,-1,-1
1907-12,-1,-1
1908-01,-1,-1
1908-02,-1,-1
1908-03,-1,-1
1908-04,-1,-1
1908-05,-1,-1
1908-06,-1,-1
1908-07,-1,-1
1908-08,-1,-1
1908-09,-1,-1
1908-10,-1,-1
1908-11,-1,-1
1908-12,-1,-1
1909-01,-1,-1
1909-02,-1,-1
1909-03,-1,-1
1909-04,-1,-1
1909-05,-1,-1
1909-06,-1,-1
1909-07,-1,-1
1909-08,-1,-1
1909-09,-1,-1
1909-10,-1,-1
1909-11,-1,-1
1909-12,-1,-1
1910-01,-1,-1
1910-02,-1,-1
1910-03,-1,-1
1910-04,-1,-1
1910-05,-1,-1
1910-06,-1,-1
1910-07,-1,-1
1910-08,-1,-1
1910-09,-1,-1
1910-10,-1,-1
1910-11,-1,-1
1910-12,-1,-1
1911-01,-1,-1
1911-02,-1,-1
1911-03,-1,-1
1911-04,-1,-1
1911-05,-1,-1
1911-06,-1,-1
1911-07,-1,-1
1911-08,-1,-1
1911-09,-1,-1
1911-10,-1,-1
1911-11,-1,-1
1911-12,-1,-1
1912-01,-1,-1
1912-02,-1,-1
1912-03,-1,-1
1912-04,-1,-1
1912-05,-1,-1
1912-06,-1,-1
1912-07,-1,-1
1912-08,-1,-1
1912-09,-1,-1
1912-10,-1,-1
1912-11,-1,-1
1912-12,-1,-1
1913-01,-1,-1
1913-02,-1,-1
1913-03,-1,-1
1913-04,-1,-1
1913-05,-1,-1
1913-06,-1,-1
1913-07,-1,-1
1913-08,-1,-1
1913-09,-1,-1
1913-10,-1,-1
1913-11,-1,-1
1913-12,-1,-1
1914-01,-1,-1
1914-02,-1,-1
1914-03,-1,-1
1914-04,-1,-1
1914-05,-1,-1
1914-06,-1,-1
1914-07,-1,-1
1914-08,-1,-1
1914-09,-1,-1
1914-10,-1,-1
1914-11,-1,-1
1914-12,-1,-1
1915-01,-1,-1
1915-02,-1,-1
1915-03,-1,-1
1915-04,-1,-1
1915-05,-1,-1
1915-06,-1,-1
1915-07,-1,-1
1915-08,-1,-1
1915-09,-1,-1
1915-10,-1,-1
1915-11,-1,-1
1915-12,-1,-1
1916-01,-1,-1
1916-02,-1,-1
1916-03,-1,-1
1916-04,-1,-1
1916-05,-1,-1
1916-06,-1,-1
1916-07,-1,-1
1916-08,-1,-1
1916-09,-1,-1
1916-10,-1,-1
1916-11,-1,-1
1916-12,-1,-1
1917-01,-1,-1
1917-02,-1,-1
1917-03,-1,-1
1917-04,-1,-1
1917-05,-1,-1
1917-06,-1,-1
1917-07,-1,-1
1917-08,-1,-1
1917-09,-1,-1
1917-10,-1,-1
1917-11,-1,-1
1917-12,-1,-1
1918-01,-1,-1
1918-02,-1,-1
1918-03,-1,-1
1918-04,-1,-1
1918-05,-1,-1
1918-06,-1,-1
1918-07,-1,-1
1918-08,-1,-1
1918-09,-1,-1
1918-10,-1,-1
1918-11,-1,-1
1918-12,-1,-1
1919-01,-1,-1
1919-02,-1,-1
1919-03,-1,-1
1919-04,-1,-1
1919-05,-1,-1
1919-06,-1,-1
1919-07,-1,-1
1919-08,-1,-1
1919-09,-1,-1
1919-10,-1,-1
1919-11,-1,-1
1919-12,-1,-1
1920-01,-1,-1
1920-02,-1,-1
1920-03,-1,-1
1920-04,-1,-1
1920-05,-1,-1
1920-06,-1,-1
1920-07,-1,-1
1920-08,-1,-1
1920-09,-1,-1
1920-10,-1,-1
1920-11,-1,-1
1920-12,-1,-1
1921-01,-1,-1
1921-02,-1,-1
1921-03,-1,-1
1921-04,-1,-1
1921-05,-1,-1
1921-06,-1,-1
1921-07,-1,-1
1921-08,-1,-1
1921-09,-1,-1
1921-10,-1,-1
1921-11,-1,-1
1921-12,-1,-1
1922-01,-1,-1
1922-02,-1,-1
1922-03,-1,-1
1922-04,-1,-1
1922-05,-1,-1
1922-06,-1,-1
1922-07,-1,-1
1922-08,-1,-1
1922-09,-1,-1
1922-10,-1,-1
1922-11,-1,-1
1922-12,-1,-1
1923-01,-1,-1
1923-02,-1,-1
1923-03,-1,-1
1923-04,-1,-1
1923-05,-1,-1
1923-06,-1,-1
1923-07,-1,-1
1923-08,-1,-1
1923-09,-1,-1
1923-10,-1,-1
1923-11,-1,-1
1923-12,-1,-1
1924-01,-1,-1
1924-02,-1,-1
1924-03,-1,-1
1924-04,-1,-1
1924-05,-1,-1
1924-06,-1,-1
1924-07,-1,-1
1924-08,-1,-1
1924-09,-1,-1
1924-10,-1,-1
1924-11,-1,-1
1924-12,-1,-1
1925-01,-1,-1
1925-02,-1,-1
1925-03,-1,-1
1925-04,-1,-1
1925-05,-1,-1
1925-06,-1,-1
1925-07,-1,-1
1925-08,-1,-1
1925-09,-1,-1
1925-10,-1,-1
1925-11,-1,-1
1925-12,-1,-1
1926-01,-1,-1
1926-02,-1,-1
1926-03,-1,-1
1926-04,-1,-1
1926-05,-1,-1
1926-06,-1,-1
1926-07,-1,-1
1926-08,-1,-1
1926-09,-1,-1
1926-10,-1,-1
1926-11,-1,-1
1926-12,-1,-1
1927-01,-1,-1
1927-02,-1,-1
1927-03,-1,-1
1927-04,-1,-1
1927-05,-1,-1
1927-06,-1,-1
1927-07,-1,-1
1927-08,-1,-1
1927-09,-1,-1
1927-10,-1,-1
1927-11,-1,-1
1927-12,-1,-1
1928-01,-1,-1
1928-02,-1,-1
1928-03,-1,-1
1928-04,-1,-1
1928-05,-1,-1
1928-06,-1,-1
1928-07,-1,-1
1928-08,-1,-1
1928-09,-1,-1
1928-10,-1,-1
1928-11,-1,-1
1928-12,-1,-1
1929-01,-1,-1
1929-02,-1,-1
1929-03,-1,-1
1929-04,-1,-1
1929-05,-1,-1
1929-06,-1,-1
1929-07,-1,-1
1929-08,-1,-1
1929-09,-1,-1
1929-10,-1,-1
1929-11,-1,-1
1929-12,-1,-1
1930-01,-1,-1
1930-02,-1,-1
1930-03,-1,-1
1930-04,-1,-1
1930-05,-1,-1
1930-06,-1,-1
1930-07,-1,-1
1930-08,-1,-1
1930-09,-1,-1
1930-10,-1,-1
1930-11,-1,-1
1930-12,-1,-1
1931-01,-1,-1
1931-02,-1,-1
1931-03,-1,-1
1931-04,-1,-1
1931-05,-1,-1
1931-06,-1,-1
1931-07,-1,-1
1931-08,-1,-1
1931-09,-1,-1
1931-10,-1,-1
1931-11,-1,-1
1931-12,-1,-1
1932-01,-1,-1
1932-02,-1,-1
1932-03,-1,-1
1932-04,-1,-1
1932-05,-1,-1
1932-06,-1,-1
1932-07,-1,-1
1932-08,-1,-1
1932-09,-1,-1
1932-10,-1,-1
1932-11,-1,-1
1932-12,-1,-1
1933-01,-1,-1
1933-02,-1,-1
1933-03,-1,-1
1933-04,-1,-1
1933-05,-1,-1
1933-06,-1,-1
1933-07,-1,-1
1933-08,-1,-1
1933-09,-1,-1
1933-10,-1,-1
1933-11,-1,-1
1933-12,-1,-1
1934-01,-1,-1
1934-02,-1,-1
1934-03,-1,-1
1934-04,-1,-1
1934-05,-1,-1
1934-06,-1,-1
1934-07,-1,-1
1934-08,-1,-1
1934-09,-1,-1
1934-10,-1,-1
1934-11,-1,-1
1934-12,-1,-1
1935-01,-1,-1
1935-02,-1,-1
1935-03,-1,-1
1935-04,-1,-1
1935-05,-1,-1
1935-06,-1,-1
1935-07,-1,-1
1935-08,-1,-1
1935-09,-1,-1
1935-10,-1,-1
1935-11,-1,-1
1935-12,-1,-1
1936-01,-1,-1
1936-02,-1,-1
1936-03,-1,-1
1936-04,-1,-1
1936-05,-1,-1
1936-06,-1,-1
1936-07,-1,-1
1936-08,-1,-1
1936-09,-1,-1
1936-10,-1,-1
1936-11,-1,-1
1936-12,-1,-1
1937-01,-1,-1
1937-02,-1,-1
1937-03,-1,-1
1937-04,-1,-1
1937-05,-1,-1
1937-06,-1,-1
1937-07,-1,-1
1937-08,-1,-1
1937-09,-1,-1
1937-10,-1,-1
1937-11,-1,-1
1937-12,-1,-1
1938-01,-1,-1
1938-02,-1,-1
1938-03,-1,-1
1938-04,-1,-1
1938-05,-1,-1
1938-06,-1,-1
1938-07,-1,-1
1938-08,-1,-1
1938-09,-1,-1
1938-10,-1,-1
1938-11,-1,-1
1938-12,-1,-1
1939-01,-1,-1
1939-02,-1,-1
1939-03,-1,-1
1939-04,-1,-1
1939-05,-1,-1
1939-06,-1,-1
1939-07,-1,-1
1939-08,-1,-1
1939-09,-1,-1
1939-10,-1,-1
1939-11,-1,-1
1939-12,-1,-1
1940-01,-1,-1
1940-02,-1,-1
1940-03,-1,-1
1940-04,-1,-1
1940-05,-1,-1
1940-06,-1,-1
1940-07,-1,-1
1940-08,-1,-1
1940-09,-1,-1
1940-10,-1,-1
1940-11,-1,-1
1940-12,-1,-1
1941-01,-1,-1
1941-02,-1,-1
1941-03,-1,-1
1941-04,-1,-1
1941-05,-1,-1
1941-06,-1,-1
1941-07,-1,-1
1941-08,-1,-1
1941-09,-1,-1
1941-10,-1,-1
1941-11,-1,-1
1941-12,-1,-1
1942-01,-1,-1
1942-02,-1,-1
1942-03,-1,-1
1942-04,-1,-1
1942-05,-1,-1
1942-06,-1,-1
1942-07,-1,-1
1942-08,-1,-1
1942-09,-1,-1
1942-10,-1,-1
1942-11,-1,-1
1942-12,-1,-1
1943-01,-1,-1
1943-02,-1,-1
1943-03,-1,-1
1943-04,-1,-1
1943-05,-1,-1
1943-06,-1,-1
1943-07,-1,-1
1943-08,-1,-1
1943-09,-1,-1
1943-10,-1,-1
1943-11,-1,-1
1943-12,-1,-1
1944-01,-1,-1
1944-02,-1,-1
1944-03,-1,-1
1944-04,-1,-1
1944-05,-1,-1
1944-06,-1,-1
1944-07,-1,-1
1944-08,-1,-1
1944-09,-1,-1
1944-10,-1,-1
1944-11,-1,-1
1944-12,-1,-1
1945-01,-1,-1
1945-02,-1,-1
1945-03,-1,-1
1945-04,-1,-1
1945-05,-1,-1
1945-06,-1,-1
1945-07,-1,-1
1945-08,-1,-1
1945-09,-1,-1
1945-10,-1,-1
1945-11,-1,-1
1945-12,-1,-1
1946-01,-1,-1
1946-02,-1,-1
1946-03,-1,-1
1946-04,-1,-1
1946-05,-1,-1
1946-06,-1,-1
1946-07,-1,-1
1946-08,-1,-1
1946-09,-1,-1
1946-10,-1,-1
1946-11,-1,-1
1946-12,-1,-1
1947-01,-1,-1
1947-02,-1,-1
1947-03,-1,-1
1947-04,-1,-1
1947-05,-1,-1
1947-06,-1,-1
1947-07,-1,-1
1947-08,-1,-1
1947-09,-1,-1
1947-10,-1,-1
1947-11,-1,-1
1947-12,-1,-1
1948-01,-1,-1
1948-02,-1,-1
1948-03,-1,-1
1948-04,-1,-1
1948-05,-1,-1
1948-06,-1,-1
1948-07,-1,-1
1948-08,-1,-1
1948-09,-1,-1
1948-10,-1,-1
1948-11,-1,-1
1948-12,-1,-1
1949-01,-1,-1
1949-02,-1,-1
1949-03,-1,-1
1949-04,-1,-1
1949-05,-1,-1
1949-06,-1,-1
1949-07,-1,-1
1949-08,-1,-1
1949-09,-1,-1
1949-10,-1,-1
1949-11,-1,-1
1949-12,-1,-1
1950-01,-1,-1
1950-02,-1,-1
1950-03,-1,-1
1950-04,-1,-1
1950-05,-1,-1
1950-06,-1,-1
1950-07,-1,-1
1950-08,-1,-1
1950-09,-1,-1
1950-10,-1,-1
1950-11,-1,-1
1950-12,-1,-1
1951-01,-1,-1
1951-02,-1,-1
1951-03,-1,-1
1951-04,-1,-1
1951-05,-1,-1
1951-06,-1,-1
1951-07,-1,-1
1951-08,-1,-1
1951-09,-1,-1
1951-10,-1,-1
1951-11,-1,-1
1951-12,-1,-1
1952-01,-1,-1
1952-02,-1,-1
1952-03,-1,-1
1952-04,-1,-1
1952-05,-1,-1
1952-06,-1,-1
1952-07,-1,-1
1952-08,-1,-1
1952-09,-1,-1
1952-10,-1,-1
1952-11,-1,-1
1952-12,-1,-1
1953-01,-1,-1
1953-02,-1,-1
1953-03,-1,-1
1953-04,-1,-1
1953-05,-1,-1
1953-06,-1,-1
1953-07,-1,-1
1953-08,-1,-1
1953-09,-1,-1
1953-10,-1,-1
1953-11,-1,-1
1953-12,-1,-1
1954-01,-1,-1
1954-02,-1,-1
1954-03,-1,-1
1954-04,-1,-1
1954-05,-1,-1
1954-06,-1,-1
1954-07,-1,-1
1954-08,-1,-1
1954-09,-1,-1
1954-10,-1,-1
1954-11,-1,-1
1954-12,-1,-1
1955-01,-1,-1
1955-02,-1,-1
1955-03,-1,-1
1955-04,-1,-1
1955-05,-1,-1
1955-06,-1,-1
1955-07,-1,-1
1955-08,-1,-1
1955-09,-1,-1
1955-10,-1,-1
1955-11,-1,-1
1955-12,-1,-1
1956-01,-1,-1
1956-02,-1,-1
1956-03,-1,-1
1956-04,-1,-1
1956-05,-1,-1
1956-06,-1,-1
1956-07,-1,-1
1956-08,-1,-1
1956-09,-1,-1
1956-10,-1,-1
1956-11,-1,-1
1956-12,-1,-1
1957-01,-1,-1
1957-02,-1,-1
1957-03,-1,-1
1957-04,-1,-1
1957-05,-1,-1
1957-06,-1,-1
1957-07,-1,-1
1957-08,-1,-1
1957-09,-1,-1
1957-10,-1,-1
1957-11,-1,-1
1957-12,-1,-1
1958-01,-1,-1
1958-02,-1,-1
1958-03,-1,-1
1958-04,-1,-1
1958-05,-1,-1
1958-06,-1,-1
1958-07,-1,-1
1958-08,-1,-1
1958-09,-1,-1
1958-10,-1,-1
1958-11,-1,-1
1958-12,-1,-1
1959-01,-1,-1
1959-02,-1,-1
1959-03,-1,-1
1959-04,-1,-1
1959-05,-1,-1
1959-06,-1,-1
1959-07,-1,-1
1959-08,-1,-1
1959-09,-1,-1
1959-10,-1,-1
1959-11,-1,-1
1959-12,-1,-1
1960-01,-1,-1
1960-02,-1,-1
1960-03,-1,-1
1960-04,-1,-1
1960-05,-1,-1
1960-06,-1,-1
1960-07,-1,-1
1960-08,-1,-1
1960-09,-1,-1
1960-10,-1,-1
1960-11,-1,-1
1960-12,-1,-1
1961-01,-1,-1
1961-02,-1,-1
1961-03,-1,-1
1961-04,-1,-1
1961-05,-1,-1
1961-06,-1,-1
1961-07,-1,-1
1961-08,-1,-1
1961-09,-1,-1
1961-10,-1,-1
1961-11,-1,-1
1961-12,-1,-1
1962-01,-1,-1
1962-02,-1,-1
1962-03,-1,-1
1962-04,-1,-1
1962-05,-1,-1
1962-06,-1,-1
1962-07,-1,-1
1962-08,-1,-1
1962-09,-1,-1
1962-10,-1,-1
1962-11,-1,-1
1962-12,-1,-1
1963-01,-1,-1
1963-02,-1,-1
1963-03,-1,-1
1963-04,-1,-1
1963-05,-1,-1
1963-06,-1,-1
1963-07,-1,-1
1963-08,-1,-1
1963-09,-1,-1
1963-10,-1,-1
1963-11,-1,-1
1963-12,-1,-1
1964-01,-1,-1
1964-02,-1,-1
1964-03,-1,-1
1964-04,-1,-1
1964-05,-1,-1
1964-06,-1,-1
1964-07,-1,-1
1964-08,-1,-1
1964-09,-1,-1
1964-10,-1,-1
1964-11,-1,-1
1964-12,-1,-1
1965-01,-1,-1
1965-02,-1,-1
1965-03,-1,-1
1965-04,-1,-1
1965-05,-1,-1
1965-06,-1,-1
1965-07,-1,-1
1965-08,-1,-1
1965-09,-1,-1
1965-10,-1,-1
1965-11,-1,-1
1965-12,-1,-1
1966-01,-1,-1
1966-02,-1,-1
1966-03,-1,-1
1966-04,-1,-1
1966-05,-1,-1
1966-06,-1,-1
1966-07,-1,-1
1966-08,-1,-1
1966-09,-1,-1
1966-10,-1,-1
1966-11,-1,-1
1966-12,-1,-1
1967-01,-1,-1
1967-02,-1,-1
1967-03,-1,-1
1967-04,-1,-1
1967-05,-1,-1
1967-06,-1,-1
1967-07,-1,-1
1967-08,-1,-1
1967-09,-1,-1
1967-10,-1,-1
1967-11,-1,-1
1967-12,-1,-1
1968-01,-1,-1
1968-02,-1,-1
1968-03,-1,-1
1968-04,-1,-1
1968-05,-1,-1
1968-06,-1,-1
1968-07,-1,-1
1968-08,-1,-1
1968-09,-1,-1
1968-10,-1,-1
1968-11,-1,-1
1968-12,-1,-1
1969-01,-1,-1
1969-02,-1,-1
1969-03,-1,-1
1969-04,-1,-1
1969-05,-1,-1
1969-06,-1,-1
1969-07,-1,-1
1969-08,-1,-1
1969-09,-1,-1
1969-10,-1,-1
1969-11,-1,-1
1969-12,-1,-1
1970-01,-1,-1
1970-02,-1,-1
1970-03,-1,-1
1970-04,-1,-1
1970-05,-1,-1
1970-06,-1,-1
1970-07,-1,-1
1970-08,-1,-1
1970-09,-1,-1
1970-10,-1,-1
1970-11,-1,-1
1970-12,-1,-1
1971-01,-1,-1
1971-02,-1,-1
1971-03,-1,-1
1971-04,-1,-1
1971-05,-1,-1
1971-06,-1,-1
1971-07,-1,-1
1971-08,-1,-1
1971-09,-1,-1
1971-10,-1,-1
1971-11,-1,-1
1971-12,-1,-1
1972-01,-1,-1
1972-02,-1,-1
1972-03,-1,-1
1972-04,-1,-1
1972-05,-1,-1
1972-06,-1,-1
1972-07,-1,-1
1972-08,-1,-1
1972-09,-1,-1
1972-10,-1,-1
1972-11,-1,-1
1972-12,-1,-1
1973-01,-1,-1
1973-02,-1,-1
1973-03,-1,-1
1973-04,-1,-1
1973-05,-1,-1
1973-06,-1,-1
1973-07,-1,-1
1973-08,-1,-1
1973-09,-1,-1
1973-10,-1,-1
1973-11,-1,-1
1973-12,-1,-1
1974-01,-1,-1
1974-02,-1,-1
1974-03,-1,-1
1974-04,-1,-1
1974-05,-1,-1
1974-06,-1,-1
1974-07,-1,-1
1974-08,-1,-1
1974-09,-1,-1
1974-10,-1,-1
1974-11,-1,-1
1974-12,-1,-1
1975-01,-1,-1
1975-02,-1,-1
1975-03,-1,-1
1975-04,-1,-1
1975-05,-1,-1
1975-06,-1,-1
1975-07,-1,-1
1975-08,-1,-1
1975-09,-1,-1
1975-10,-1,-1
1975-11,-1,-1
1975-12,-1,-1
1976-01,-1,-1
1976-02,-1,-1
1976-03,-1,-1
1976-04,-1,-1
1976-05,-1,-1
1976-06,-1,-1
1976-07,-1,-1
1976-08,-1,-1
1976-09,-1,-1
1976-10,-1,-1
1976-11,-1,-1
1976-12,-1,-1
1977-01,-1,-1
1977-02,-1,-1
1977-03,-1,-1
1977-04,-1,-1
1977-05,-1,-1
1977-06,-1,-1
1977-07,-1,-1
1977-08,-1,-1
1977-09,-1,-1
1977-10,-1,-1
1977-11,-1,-1
1977-12,-1,-1
1978-01,-1,-1
1978-02,-1,-1
1978-03,-1,-1
1978-04,-1,-1
1978-05,-1,-1
1978-06,-1,-1
1978-07,-1,-1
1978-08,-1,-1
1978-09,-1,-1
1978-10,-1,-1
1978-11,-1,-1
1978-12,-1,-1
1979-01,-1,-1
1979-02,-1,-1
1979-03,-1,-1
1979-04,-1,-1
1979-05,-1,-1
1979-06,-1,-1
1979-07,-1,-1
1979-08,-1,-1
1979-09,-1,-1
1979-10,-1,-1
1979-11,-1,-1
1979-12,-1,-1
1980-01,-1,-1
1980-02,-1,-1
1980-03,-1,-1
1980-04,-1,-1
1980-05,-1,-1
1980-06,-1,-1
1980-07,-1,-1
1980-08,-1,-1
1980-09,-1,-1
1980-10,-1,-1
1980-11,-1,-1
1980-12,-1,-1
1981-01,-1,-1
1981-02,-1,-1
1981-03,-1,-1
1981-04,-1,-1
1981-05,-1,-1
1981-06,-1,-1
1981-07,-1,-1
1981-08,-1,-1
1981-09,-1,-1
1981-10,-1,-1
1981-11,-1,-1
1981-12,-1,-1
1982-01,-1,-1
1982-02,-1,-1
1982-03,-1,-1
1982-04,-1,-1
1982-05,-1,-1
1982-06,-1,-1
1982-07,-1,-1
1982-08,-1,-1
1982-09,-1,-1
1982-10,-1,-1
1982-11,-1,-1
1982-12,-1,-1
1983-01,-1,-1
1983-02,-1,-1
1983-03,-1,-1
1983-04,-1,-1
1983-05,-1,-1
1983-06,-1,-1
1983-07,-1,-1
1983-08,-1,-1
1983-09,-1,-1
1983-10,-1,-1
1983-11,-1,-1
1983-12,-1,-1
1984-01,-1,-1
1984-02,-1,-1
1984-03,-1,-1
1984-04,-1,-1
1984-05,-1,-1
1984-06,-1,-1
1984-07,-1,-1
1984-08,-1,-1
1984-09,-1,-1
1984-10,-1,-1
1984-11,-1,-1
1984-12,-1,-1
1985-01,-1,-1
1985-02,-1,-1
1985-03,-1,-1
1985-04,-1,-1
1985-05,-1,-1
1985-06,-1,-1
1985-07,-1,-1
1985-08,-1,-1
1985-09,-1,-1
1985-10,-1,-1
1985-11,-1,-1
1985-12,-1,-1
1986-01,-1,-1
1986-02,-1,-1
1986-03,-1,-1
1986-04,-1,-1
1986-05,-1,-1
1986-06,-1,-1
1986-07,-1,-1
1986-08,-1,-1
1986-09,-1,-1
1986-10,-1,-1
1986-11,-1,-1
1986-12,-1,-1
1987-01,-1,-1
1987-02,-1,-1
1987-03,-1,-1
1987-04,-1,-1
1987-05,-1,-1
1987-06,-1,-1
1987-07,-1,-1
1987-08,-1,-1
1987-09,-1,-1
1987-10,-1,-1
1987-11,-1,-1
1987-12,-1,-1
1988-01,-1,-1
1988-02,-1,-1
1988-03,-1,-1
1988-04,-1,-1
1988-05,-1,-1
1988-06,-1,-1
1988-07,-1,-1
1988-08,-1,-1
1988-09,-1,-1
1988-10,-1,-1
1988-11,-1,-1
1988-12,-1,-1
1989-01,-1,-1
1989-02,-1,-1
1989-03,-1,-1
1989-04,-1,-1
1989-05,-1,-1
1989-06,-1,-1
1989-07,-1,-1
1989-08,-1,-1
1989-09,-1,-1
1989-10,-1,-1
1989-11,-1,-1
1989-12,-1,-1
1990-01,-1,-1
1990-02,-1,-1
1990-03,-1,-1
1990-04,-1,-1
1990-05,-1,-1
1990-06,-1,-1
1990-07,-1,-1
1990-08,-1,-1
1990-09,-1,-1
1990-10,-1,-1
1990-11,-1,-1
1990-12,-1,-1
1991-01,-1,-1
1991-02,-1,-1
1991-03,-1,-1
1991-04,-1,-1
1991-05,-1,-1
1991-06,-1,-1
1991-07,-1,-1
1991-08,-1,-1
1991-09,-1,-1
1991-10,-1,-1
1991-11,-1,-1
1991-12,-1,-1
1992-01,-1,-1
1992-02,-1,-1
1992-03,-1,-1
1992-04,-1,-1
1992-05,-1,-1
1992-06,-1,-1
1992-07,-1,-1
1992-08,-1,-1
1992-09,-1,-1
1992-10,-1,-1
1992-11,-1,-1
1992-12,-1,-1
1993-01,-1,-1
1993-02,-1,-1
1993-03,-1,-1
1993-04,-1,-1
1993-05,-1,-1
1993-06,-1,-1
1993-07,-1,-1
1993-08,-1,-1
1993-09,-1,-1
1993-10,-1,-1
1993-11,-1,-1
1993-12,-1,-1
1994-01,-1,-1
1994-02,-1,-1
1994-03,-1,-1
1994-04,-1,-1
1994-05,-1,-1
1994-06,-1,-1
1994-07,-1,-1
1994-08,-1,-1
1994-09,-1,-1
1994-10,-1,-1
1994-11,-1,-1
1994-12,-1,-1
1995-01,-1,-1
1995-02,-1,-1
1995-03,-1,-1
1995-04,-1,-1
1995-05,-1,-1
1995-06,-1,-1
1995-07,-1,-1
1995-08,-1,-1
1995-09,-1,-1
1995-10,-1,-1
1995-11,-1,-1
1995-12,-1,-1
1996-01,-1,-1
1996-02,-1,-1
1996-03,-1,-1
1996-04,-1,-1
1996-05,-1,-1
1996-06,-1,-1
1996-07,-1,-1
1996-08,-1,-1
1996-09,-1,-1
1996-10,-1,-1
1996-11,-1,-1
1996-12,-1,-1
1997-01,-1,-1
1997-02,-1,-1
1997-03,-1,-1
1997-04,-1,-1
1997-05,-1,-1
1997-06,-1,-1
1997-07,-1,-1
1997-08,-1,-1
1997-09,-1,-1
1997-10,-1,-1
1997-11,-1,-1
1997-12,-1,-1
1998-01,-1,-1
1998-02,-1,-1
1998-03,-1,-1
1998-04,-1,-1
1998-05,-1,-1
1998-06,-1,-1
1998-07,-1,-1
1998-08,-1,-1
1998-09,-1,-1
1998-10,-1,-1
1998-11,-1,-1
1998-12,-1,-1
1999-01,-1,-1
1999-02,-1,-1
1999-03,-1,-1
1999-04,-1,-1
1999-05,-1,-1
1999-06,-1,-1
1999-07,-1,-1
1999-08,-1,-1
1999-09,-1,-1
1999-10,-1,-1
1999-11,-1,-1
1999-12,-1,-1
2000-01,-1,-1
2000-02,-1,-1
2000-03,-1,-1
2000-04,-1,-1
2000-05,-1,-1
2000-06,-1,-1
2000-07,-1,-1
2000-08,-1,-1
2000-09,-1,-1
2000-10,-1,-1
2000-11,-1,-1
2000-12,-1,-1
2001-01,-1,-1
2001-02,-1,-1
2001-03,-1,-1
2001-04,-1,-1
2001-05,-1,-1
2001-06,-1,-1
2001-07,-1,-1
2001-08,-1,-1
2001-09,-1,-1
2001-10,-1,-1
2001-11,-1,-1
2001-12,-1,-1
2002-01,-1,-1
2002-02,-1,-1
2002-03,-1,-1
2002-04,-1,-1
2002-05,-1,-1
2002-06,-1,-1
2002-07,-1,-1
2002-08,-1,-1
2002-09,-1,-1
2002-10,-1,-1
2002-11,-1,-1
2002-12,-1,-1
2003-01,-1,-1
2003-02,-1,-1
2003-03,-1,-1
2003-04,-1,-1
2003-05,-1,-1
2003-06,-1,-1
2003-07,-1,-1
2003-08,-1,-1
2003-09,-1,-1
2003-10,-1,-1
2003-11,-1,-1
2003-12,-1,-1
2004-01,-1,-1
2004-02,-1,-1
2004-03,-1,-1
2004-04,-1,-1
2004-05,-1,-1
2004-06,-1,-1
2004-07,-1,-1
2004-08,-1,-1
2004-09,-1,-1
2004-10,-1,-1
2004-11,-1,-1
2004-12,-1,-1
2005-01,-1,-1
2005-02,-1,-1
2005-03,-1,-1
2005-04,-1,-1
2005-05,-1,-1
2005-06,-1,-1
2005-07,-1,-1
2005-08,-1,-1
2005-09,-1,-1
2005-10,-1,-1
2005-11,-1,-1
2005-12,-1,-1
2006-01,-1,-1
2006-02,-1,-1
2006-03,-1,-1
2006-04,-1,-1
2006-05,-1,-1
2006-06,-1,-1
2006-07,-1,-1
2006-08,-1,-1
2006-09,-1,-1
2006-10,-1,-1
2006-11,-1,-1
2006-12,-1,-1
2007-01,-1,-1
2007-02,-1,-1
2007-03,-1,-1
2007-04,-1,-1
2007-05,-1,-1
2007-06,-1,-1
2007-07,-1,-1
2007-08,-1,-1
2007-09,-1,-1
2007-10,-1,-1
2007-11,-1,-1
2007-12,-1,-1
2008-01,-1,-1
2008-02,-1,-1
2008-03,-1,-1
2008-04,-1,-1
2008-05,-1,-1
2008-06,-1,-1
2008-07,-1,-1
2008-08,-1,-1
2008-09,-1,-1
2008-10,-1,-1
2008-11,-1,-1
2008-12,-1,-1
2009-01,-1,-1
2009-02,-1,-1
2009-03,-1,-1
2009-04,-1,-1
2009-05,-1,-1
2009-06,-1,-1
2009-07,-1,-1
2009-08,-1,-1
2009-09,-1,-1
2009-10,-1,-1
2009-11,-1,-1
2009-12,-1,-1
2010-01,-1,-1
2010-02,-1,-1
2010-03,-1,-1
2010-04,-1,-1
2010-05,-1,-1
2010-06,-1,-1
2010-07,-1,-1
2010-08,-1,-1
2010-09,-1,-1
2010-10,-1,-1
2010-11,-1,-1
2010-12,-1,-1
2011-01,-1,-1
2011-02,-1,-1
2011-03,-1,-1
2011-04,-1,-1
2011-05,-1,-1
2011-06,-1,-1
2011-07,-1,-1
2011-08,-1,-1
2011-09,-1,-1
2011-10,-1,-1
2011-11,-1,-1
2011-12,-1,-1
2012-01,-1,-1
2012-02,-1,-1
2012-03,-1,-1
2012-04,-1,-1
2012-05,-1,-1
2012-06,-1,-1
2012-07,-1,-1
2012-08,-1,-1
2012-09,-1,-1
2012-10,-1,-1
2012-11,-1,-1
2012-12,-1,-1
2013-01,-1,-1
2013-02,-1,-1
2013-03,-1,-1
2013-04,-1,-1
2013-05,-1,-1
2013-06,-1,-1
2013-07,-1,-1
2013-08,-1,-1
2013-09,-1,-1
2013-10,-1,-1
2013-11,-1,-1
2013-12,-1,-1
2014-01,-1,-1
2014-02,-1,-1
2014-03,-1,-1
2014-04,-1,-1
2014-05,-1,-1
2014-06,-1,-1
2014-07,-1,-1
2014-08,-1,-1
2014-09,-1,-1
2014-10,-1,-1
2014-11,-1,-1
2014-12,-1,-1
2015-01,-1,-1
2015-02,-1,-1
2015-03,-1,-1
2015-04,-1,-1
2015-05,-1,-1
2015-06,-1,-1
2015-07,-1,-1
2015-08,-1,-1
2015-09,-1,-1
2015-10,-1,-1
2015-11,-1,-1
2015-12,-1,-1
2016-01,-1,-1
2016-02,-1,-1
2016-03,-1,-1
2016-04,-1,-1
2016-05,-1,-1
2016-06,-1,-1
2016-07,-1,-1
2016-08,-1,-1
2016-09,-1,-1
2016-10,-1,-1
2016-11,-1,-1
2016-12,-1,-1
2017-01,-1,-1
2017-02,-1,-1
2017-03,-1,-1
2017-04,-1,-1
2017-05,-1,-1
2017-06,-1,-1
2017-07,-1,-1
2017-08,-1,-1
2017-09,-1,-1
2017-10,-1,-1
2017-11,-1,-1
2017-12,-1,-1
2018-01,-1,-1
2018-02,-1,-1
2018-03,-1,-1
2018-04,-1,-1
2018-05,-1,-1
2018-06,-1,-1
2018-07,-1,-1
2018-08,-1,-1
2018-09,-1,-1
2018-10,-1,-1
2018-11,-1,-1
2018-12,-1,-1
2019-01,-1,-1
2019-02,-1,-1
2019-03,-1,-1
2019-04,-1,-1
2019-05,-1,-1
2019-06,-1,-1
2019-07,-1,-1
2019-08,-1,-1
2019-09,-1,-1
2019-10,-1,-1
2019-11,-1,-1
2019-12,-1,-1
2020-01,-1,-1
2020-02,-1,-1
2020-03,-1,-1
2020-04,-1,-1
2020-05,-1,-1
2020-06,-1,-1
2020-07,-1,-1
2020-08,-1,-1
2020-09,-1,-1
2020-10,-1,-1
2020-11,-1,-1
2020-12,-1,-1
2021-01,-1,-1
2021-02,-1,-1
2021-03,-1,-1
2021-04,-1,-1
2021-05,-1,-1
2021-06,-1,-1
2021-07,-1,-1
2021-08,-1,-1
2021-09,-1,-1
2021-10,-1,-1
2021-11,-1,-1
2021-12,-1,-1
2022-01,-1,-1
2022-02,-1,-1
2022-03,-1,-1
2022-04,-1,-1
2022-05,-1,-1
2022-06,-1,-1
2022-07,-1,-1
2022-08,-1,-1
2022-09,-1,-1
2022-10,-1,-1
2022-11,-1,-1
2022-12,-1,-1
2023-01,-1,-1
2023-02,-1,-1
2023-03,-1,-1
2023-04,-1,-1
2023-05,-1,-1
2023-06,-1,-1
2023-07,-1,-1
2023-08,-1,-1
2023-09,-1,-1
2023-10,-1,-1
2023-11,-1,-1
2023-12,-1,-1
2024-01,-1,-1
2024-02,-1,-1
2024-03,-1,-1
2024-04,-1,-1
2024-05,-1,-1
2024-06,-1,-1
2024-07,-1,-1
2024-08,-1,-1
2024-09,-1,-1
2024-10,-1,-1
2024-11,-1,-1
2024-12,-1,-1
2025-01,-1,-1
2025-02,-1,-1
2025-03,-1,-1
2025-04,-1,-1
2025-05,-1,-1
2025-06,-1,-1
